"","logFC","AveExpr","t","PValue","FDR","B","symbol","group"
"hsa-miR-21-5p",6.83993360795594,17.4014525820804,29.6299804802844,6.17945767694515e-102,2.78075595462532e-99,221.083652797725,"hsa-miR-21-5p","miRNA"
"hsa-miR-101-3p",5.56887657296847,12.46391554439,23.1588236495089,2.71535987552217e-75,6.10955971992487e-73,160.493113277024,"hsa-miR-101-3p","miRNA"
"hsa-miR-197-3p",-4.46088361243232,7.85786423030562,-20.6788876328978,1.08332003553802e-64,1.62498005330702e-62,136.422419323043,"hsa-miR-197-3p","miRNA"
"hsa-miR-328-3p",-5.0953063669874,3.78112660939286,-19.7398267893369,1.18164503473308e-60,1.32935066407472e-58,127.19459805791,"hsa-miR-328-3p","miRNA"
"hsa-miR-106b-5p",5.20450587895709,8.01938983982234,17.6617357718399,9.91079134432353e-52,8.91971220989117e-50,106.539426625545,"hsa-miR-106b-5p","miRNA"
"hsa-let-7d-3p",-3.80666386778991,8.50293947456293,-16.2369696172318,1.14050739488785e-45,8.55380546165889e-44,93.0700578123951,"hsa-let-7d-3p","miRNA"
"hsa-miR-1976",-3.90291125543493,2.84295216262311,-16.0834318951566,5.07267907614785e-45,2.92631016332501e-43,91.5751028591372,"hsa-miR-1976","miRNA"
"hsa-miR-29b-3p",6.01112379460869,9.44523711560481,16.0756154060137,5.47270317120756e-45,2.92631016332501e-43,91.3447863371762,"hsa-miR-29b-3p","miRNA"
"hsa-miR-374a-3p",8.28395546356524,9.5776389211452,16.0687031516225,5.85262032665001e-45,2.92631016332501e-43,91.1010524669832,"hsa-miR-374a-3p","miRNA"
"hsa-miR-766-3p",-3.96766756582518,2.50358707654262,-15.8052329238901,7.52478784042833e-44,3.38615452819275e-42,88.9045231726438,"hsa-miR-766-3p","miRNA"
"hsa-miR-24-3p",2.55871839308987,10.844612168931,15.3288815403501,7.44133273203181e-42,2.79049977451193e-40,84.3670540654164,"hsa-miR-24-3p","miRNA"
"hsa-miR-32-5p",5.81708103743566,4.66050634231013,15.3321495130265,7.21126221333463e-42,2.79049977451193e-40,84.100820870263,"hsa-miR-32-5p","miRNA"
"hsa-miR-139-5p",-4.85667635500971,4.3162667694453,-15.3199023616242,8.11191227052033e-42,2.80796963210319e-40,84.2831388067475,"hsa-miR-139-5p","miRNA"
"hsa-miR-126-3p",3.89775841867299,10.7590554619648,15.282116469872,1.16615365376608e-41,3.74835102996241e-40,83.9202769948082,"hsa-miR-126-3p","miRNA"
"hsa-miR-1306-5p",-3.91076245016989,2.47027428637859,-15.2410143672663,1.73027465721543e-41,5.19082397164629e-40,83.5248831778906,"hsa-miR-1306-5p","miRNA"
"hsa-let-7a-3p",4.96316254384356,4.60489622078638,15.1442709603311,4.37520981356813e-41,1.23052776006604e-39,82.3323101430966,"hsa-let-7a-3p","miRNA"
"hsa-miR-140-5p",4.03231742049317,5.05342641875161,14.8301389545094,8.80309371977472e-40,2.3302306905286e-38,79.3905046474707,"hsa-miR-140-5p","miRNA"
"hsa-miR-125a-5p",-3.86166866493601,7.80372459049533,-14.8006867877329,1.16543665332823e-39,2.91359163332057e-38,79.3720212046297,"hsa-miR-125a-5p","miRNA"
"hsa-miR-141-5p",5.10237182235755,9.25824859028282,14.6936318809049,3.2273807079429e-39,7.64379641354897e-38,78.3039424187888,"hsa-miR-141-5p","miRNA"
"hsa-miR-19b-3p",6.90566423221126,7.51493946166917,14.464250733472,2.84197122219262e-38,6.3944352499334e-37,75.9796759933136,"hsa-miR-19b-3p","miRNA"
"hsa-miR-30e-5p",4.4142404823734,12.1098581660763,14.378376055268,6.40037600781806e-38,1.37150914453244e-36,75.4026500922717,"hsa-miR-30e-5p","miRNA"
"hsa-miR-671-3p",-3.77400019290649,1.28340720754241,-14.350744521071,8.30850285715333e-38,1.69946649350864e-36,75.1219853493064,"hsa-miR-671-3p","miRNA"
"hsa-miR-26b-5p",3.53454955366565,9.05089651285384,14.228075555209,2.64115261433486e-37,5.16747250630733e-36,73.9925938026445,"hsa-miR-26b-5p","miRNA"
"hsa-miR-126-5p",5.77142975194763,7.03246206932922,14.0457146846237,1.46555973619104e-36,2.74792450535821e-35,72.1195637243827,"hsa-miR-126-5p","miRNA"
"hsa-miR-424-5p",6.64030452711205,6.76033998740581,13.8343585763157,1.05848948837923e-35,1.90528107908262e-34,70.1711454924416,"hsa-miR-424-5p","miRNA"
"hsa-miR-889-3p",4.8012544136963,3.73933472991379,13.8227558715422,1.17950936672667e-35,2.04145851933462e-34,70.063870770987,"hsa-miR-889-3p","miRNA"
"hsa-miR-24-2-5p",4.28630300937384,4.57620677616986,13.7813477897056,1.7353301138791e-35,2.89221685646517e-34,69.685589201243,"hsa-miR-24-2-5p","miRNA"
"hsa-miR-335-5p",5.37842279277397,4.05184070546156,13.752880199617,2.2623659743998e-35,3.63594531599969e-34,69.4250879081617,"hsa-miR-335-5p","miRNA"
"hsa-miR-582-3p",5.57381466350724,8.20637253668258,13.6834141573857,4.31803694717732e-35,6.70040215941308e-34,68.8578133724649,"hsa-miR-582-3p","miRNA"
"hsa-miR-374a-5p",5.49506292398298,4.79933550190736,13.6101620834807,8.52674029713088e-35,1.27901104456963e-33,68.1236886151079,"hsa-miR-374a-5p","miRNA"
"hsa-miR-141-3p",5.32099580724872,9.75831077512131,13.564058398583,1.30762316184694e-34,1.89816265429394e-33,67.8456887164581,"hsa-miR-141-3p","miRNA"
"hsa-miR-423-3p",-2.93888696852959,6.4287236165857,-13.5192344432395,1.98069042732669e-34,2.78534591342815e-33,67.452623217466,"hsa-miR-423-3p","miRNA"
"hsa-miR-542-3p",6.27090972981403,6.97470584459719,13.4883489422462,2.63603870476002e-34,3.59459823376367e-33,67.0166980139926,"hsa-miR-542-3p","miRNA"
"hsa-miR-142-5p",6.588767350277,6.10859834995738,13.3014710697868,1.47871283459835e-33,1.95711992814488e-32,65.3246144077147,"hsa-miR-142-5p","miRNA"
"hsa-miR-378a-5p",-3.63638142559803,6.79953047539155,-13.284663002768,1.72606935207739e-33,2.2192320240995e-32,65.31030952736,"hsa-miR-378a-5p","miRNA"
"hsa-miR-2355-5p",4.44637314321683,4.78513313826581,13.2622675824089,2.12087177853487e-33,2.65108972316859e-32,64.9704670235595,"hsa-miR-2355-5p","miRNA"
"hsa-miR-486-5p",-5.63968185092702,5.58219185986831,-13.2496626238451,2.38143751808589e-33,2.89634292740176e-32,64.9915509513331,"hsa-miR-486-5p","miRNA"
"hsa-miR-379-5p",4.35348948631009,9.34234908133387,13.2096817522794,3.4383033485612e-33,4.071675018033e-32,64.626284319141,"hsa-miR-379-5p","miRNA"
"hsa-miR-98-5p",4.38097630545094,5.51535812329993,13.1597626882667,5.43558584291307e-33,6.27182981874586e-32,64.0508442130147,"hsa-miR-98-5p","miRNA"
"hsa-miR-574-3p",-3.48140935668548,5.56544422134399,-13.1303834716531,7.11501656255009e-33,8.00439363286885e-32,63.910449991645,"hsa-miR-574-3p","miRNA"
"hsa-miR-139-3p",-5.58557334091132,1.99278580862913,-13.0487546518135,1.50155435186307e-32,1.6480474593619e-31,63.1725729195414,"hsa-miR-139-3p","miRNA"
"hsa-miR-182-5p",4.89070253205886,13.6632479317638,12.9949023370698,2.45532819034199e-32,2.63070877536641e-31,62.6855374431389,"hsa-miR-182-5p","miRNA"
"hsa-miR-142-3p",6.76473172859622,10.8050601612305,12.8394102234812,1.01120654792114e-31,1.05823941061514e-30,61.2765901337746,"hsa-miR-142-3p","miRNA"
"hsa-miR-148a-3p",3.8966782767397,15.7997206877733,12.7933546748828,1.53588930527486e-31,1.57079588039474e-30,60.869741000935,"hsa-miR-148a-3p","miRNA"
"hsa-miR-374b-5p",4.32083051924803,5.98429113419821,12.7769062512471,1.78289507321156e-31,1.78289507321156e-30,60.6386626796916,"hsa-miR-374b-5p","miRNA"
"hsa-miR-152-3p",3.7913428834872,7.43444508295945,12.7013147792628,3.53459196947713e-31,3.45775301361893e-30,60.0309446667615,"hsa-miR-152-3p","miRNA"
"hsa-let-7b-5p",-3.03326945928125,13.1409291528364,-12.6526668515787,5.48578741623794e-31,5.25234965384484e-30,59.6122679233305,"hsa-let-7b-5p","miRNA"
"hsa-miR-454-3p",3.92153125850402,2.61250107597827,12.5930043595221,9.39623336536448e-31,8.8089687800292e-30,58.9907861261247,"hsa-miR-454-3p","miRNA"
"hsa-miR-744-5p",-3.19121542888886,3.95566302072749,-12.5378574845186,1.54374757346467e-30,1.41772736338593e-29,58.5925310578174,"hsa-miR-744-5p","miRNA"
"hsa-miR-429",5.4868130445721,8.31432151692929,12.5192258116543,1.82531221660294e-30,1.64278099494265e-29,58.3897593259483,"hsa-miR-429","miRNA"
"hsa-miR-16-5p",4.28535375024708,9.12902998644881,12.4970854079584,2.22711178039521e-30,1.96509862976048e-29,58.2335355103781,"hsa-miR-16-5p","miRNA"
"hsa-miR-21-3p",2.98523035930996,11.5051400990577,12.0470907970279,1.22938348170944e-28,1.06388955147932e-27,54.2643887758456,"hsa-miR-21-3p","miRNA"
"hsa-miR-15a-5p",3.7054659638606,6.79955258398145,11.9538916594861,2.7986964377144e-28,2.37625169239902e-27,53.4467033614202,"hsa-miR-15a-5p","miRNA"
"hsa-miR-30b-5p",3.57340898780901,8.14902611319825,11.9305772300525,3.43663913812849e-28,2.86386594844041e-27,53.261376577044,"hsa-miR-30b-5p","miRNA"
"hsa-miR-129-5p",-5.20838636241421,0.949339107316788,-11.8699549128619,5.85660487156882e-28,4.79176762219267e-27,52.7283300669075,"hsa-miR-129-5p","miRNA"
"hsa-miR-708-3p",5.29700491722557,4.89424749195021,11.7335911601339,1.93388757640172e-27,1.55401680246567e-26,51.5083395313313,"hsa-miR-708-3p","miRNA"
"hsa-miR-15b-3p",4.28772699079591,4.96539961568082,11.6765341054122,3.18181707276853e-27,2.51196084692252e-26,51.0200448199828,"hsa-miR-15b-3p","miRNA"
"hsa-miR-335-3p",4.83338797243735,7.46569378666128,11.5829883820683,7.18022401352781e-27,5.57086345877158e-26,50.2483559257886,"hsa-miR-335-3p","miRNA"
"hsa-miR-484",-2.25597050589474,5.58974517883934,-11.5095263879245,1.35758909656006e-26,1.03544931093564e-25,49.6179530711763,"hsa-miR-484","miRNA"
"hsa-miR-20a-5p",5.25423005870487,8.71044417167176,11.497273687928,1.50947376742277e-26,1.13210532556708e-25,49.5306159602241,"hsa-miR-20a-5p","miRNA"
"hsa-miR-194-3p",-3.93505253069093,7.73028172245144,-11.4733433497902,1.85656637862442e-26,1.36959814816556e-25,49.2989479334954,"hsa-miR-194-3p","miRNA"
"hsa-miR-149-5p",-3.9342431928108,3.296313888973,-11.3457381348477,5.57799124384523e-26,4.04854203182315e-25,48.2237046765073,"hsa-miR-149-5p","miRNA"
"hsa-miR-181a-5p",-3.13414984435353,9.3326096977092,-11.1903077218848,2.1128972158269e-25,1.50921229701922e-24,46.897268087928,"hsa-miR-181a-5p","miRNA"
"hsa-miR-17-5p",3.97694418293626,9.75197950183329,11.1271591221811,3.62023505402979e-25,2.5454777723647e-24,46.3834945027102,"hsa-miR-17-5p","miRNA"
"hsa-miR-193b-5p",-3.44525809769716,1.24788070668831,-11.1217143629869,3.7920080119303e-25,2.62523631595174e-24,46.3539194594865,"hsa-miR-193b-5p","miRNA"
"hsa-miR-19a-3p",6.7326227204681,5.3772034113579,10.9473441087684,1.66329850829387e-24,1.13406716474582e-23,44.8833945208747,"hsa-miR-19a-3p","miRNA"
"hsa-miR-532-3p",-3.00907012729609,5.37218452578739,-10.8067617530427,5.43053964550273e-24,3.64737737384512e-23,43.7009732553193,"hsa-miR-532-3p","miRNA"
"hsa-miR-3615",-3.36204505614245,1.8316467745039,-10.8025872403011,5.62405109127284e-24,3.7217985162835e-23,43.6890370615067,"hsa-miR-3615","miRNA"
"hsa-miR-200a-3p",3.83271260296027,8.97134264879487,10.7919603744275,6.14816160760692e-24,4.00967061365669e-23,43.5986703590804,"hsa-miR-200a-3p","miRNA"
"hsa-miR-203a-3p",4.49941382164879,13.9737190477249,10.7553354019101,8.35518381922373e-24,5.3711895980724e-23,43.2702919486308,"hsa-miR-203a-3p","miRNA"
"hsa-miR-642a-5p",-4.58671124889522,1.34508014021305,-10.6970288844287,1.35998184014863e-23,8.61960321220964e-23,42.8090888184068,"hsa-miR-642a-5p","miRNA"
"hsa-miR-324-3p",-2.86104921007769,3.60272196692501,-10.672004311761,1.67553310146422e-23,1.04720818841514e-22,42.5945291355793,"hsa-miR-324-3p","miRNA"
"hsa-miR-4677-3p",3.37631253386602,2.58781403288432,10.5472454920698,4.72324891571238e-23,2.91159179735695e-22,41.6036038648008,"hsa-miR-4677-3p","miRNA"
"hsa-miR-185-5p",2.98471735387747,5.53504923533381,10.5323093640145,5.34483870233444e-23,3.25023975141959e-22,41.4921973495844,"hsa-miR-185-5p","miRNA"
"hsa-miR-7-1-3p",4.03597133922376,4.74471112034142,10.5106352272992,6.3940734511015e-23,3.8364440706609e-22,41.3072321990574,"hsa-miR-7-1-3p","miRNA"
"hsa-miR-369-3p",3.988936118966,2.69809286986766,10.4934039187391,7.37228567459575e-23,4.3651691494317e-22,41.1674264706031,"hsa-miR-369-3p","miRNA"
"hsa-miR-127-5p",3.99410638969304,7.58160560858553,10.4609023979377,9.63973146187681e-23,5.63360929590203e-22,40.9116909016943,"hsa-miR-127-5p","miRNA"
"hsa-miR-18a-5p",5.58356031593575,4.53433736393622,10.4559065205097,1.00449837176268e-22,5.79518291401548e-22,40.8646661803465,"hsa-miR-18a-5p","miRNA"
"hsa-miR-450b-5p",4.23332519141967,2.90542379643286,10.3315855002243,2.78923923866343e-22,1.58880716126398e-21,39.8639550834506,"hsa-miR-450b-5p","miRNA"
"hsa-miR-452-5p",4.7404382841014,6.49687021122973,10.3189562435265,3.09299499783338e-22,1.73980968628127e-21,39.7665356934998,"hsa-miR-452-5p","miRNA"
"hsa-miR-96-5p",4.74173521379955,3.98794969241936,10.280084374988,4.24978233325967e-22,2.36099018514426e-21,39.4516384758385,"hsa-miR-96-5p","miRNA"
"hsa-miR-708-5p",4.88983575957559,3.92907220390569,10.2464748886358,5.59036546819306e-22,3.06788348864253e-21,39.1830794261871,"hsa-miR-708-5p","miRNA"
"hsa-miR-589-5p",-2.07573122865386,5.61902971394933,-10.2316033766019,6.31042154909971e-22,3.42131288806611e-21,39.0107212188855,"hsa-miR-589-5p","miRNA"
"hsa-miR-590-5p",4.9950556855462,3.91213352514072,10.204825247969,7.84687163150462e-22,4.20368123116319e-21,38.8509777954395,"hsa-miR-590-5p","miRNA"
"hsa-miR-495-3p",3.19413563505664,2.47626502081302,10.2010182453458,8.09356427429984e-22,4.28482814521756e-21,38.8204547973962,"hsa-miR-495-3p","miRNA"
"hsa-miR-99b-5p",-2.67648568636642,13.6693683139249,-10.17497128087,1.00009484732238e-21,5.23305443366363e-21,38.5473404444202,"hsa-miR-99b-5p","miRNA"
"hsa-miR-3613-5p",4.69247024720186,3.39939684480838,10.1614133068089,1.1164143860844e-21,5.77455716940209e-21,38.5055953741806,"hsa-miR-3613-5p","miRNA"
"hsa-miR-660-5p",4.21864423080183,5.35087888176294,10.1547500078838,1.17841063280791e-21,6.02596346322229e-21,38.4533069216084,"hsa-miR-660-5p","miRNA"
"hsa-miR-1296-5p",-3.09479500935172,2.05991041799531,-10.1444681849138,1.28084614613247e-21,6.47618837932145e-21,38.3402056884169,"hsa-miR-1296-5p","miRNA"
"hsa-let-7b-3p",-2.25953674786716,4.32945567179448,-10.1382545125213,1.34698907553741e-21,6.73494537768704e-21,38.2667330628272,"hsa-let-7b-3p","miRNA"
"hsa-miR-455-5p",3.95853432551936,3.655234746869,10.0924116482655,1.95190909712428e-21,9.65229773303214e-21,37.9584913284555,"hsa-miR-455-5p","miRNA"
"hsa-miR-195-3p",-3.53065745633767,0.62665266803973,-10.0327419103042,3.1587999264312e-21,1.54506518140656e-20,37.4743350099466,"hsa-miR-195-3p","miRNA"
"hsa-miR-582-5p",3.47322628973682,3.30989534303662,10.0151773055116,3.63854493445721e-21,1.76058625860833e-20,37.3486201161622,"hsa-miR-582-5p","miRNA"
"hsa-miR-16-2-3p",3.61658306820135,2.92097069103055,9.94965079129892,6.15832604448565e-21,2.94813480853037e-20,36.8333483055246,"hsa-miR-16-2-3p","miRNA"
"hsa-miR-1180-3p",-3.73071229524205,2.99884644281875,-9.92990465388368,7.21375418848643e-21,3.4170414577041e-20,36.6121463019266,"hsa-miR-1180-3p","miRNA"
"hsa-miR-485-3p",-2.98634564833437,1.25892612626007,-9.81570420277026,1.79440901450692e-20,8.41129225550118e-20,35.7642013976182,"hsa-miR-485-3p","miRNA"
"hsa-miR-146b-3p",-3.28855069880383,5.52876293202207,-9.7802384820205,2.37839332294062e-20,1.1033783456941e-19,35.4289142628929,"hsa-miR-146b-3p","miRNA"
"hsa-miR-19b-1-5p",3.95727015054805,3.54355747545869,9.77440397180152,2.49108628006154e-20,1.14386614900785e-19,35.4652948695626,"hsa-miR-19b-1-5p","miRNA"
"hsa-miR-27a-3p",2.49521147117131,10.4422353123497,9.74941681325215,3.03677121300697e-20,1.3803505513668e-19,35.1904402114053,"hsa-miR-27a-3p","miRNA"
"hsa-let-7g-5p",1.85818179333969,9.13004273282592,9.68104061179022,5.21370704531745e-20,2.34616817039285e-19,34.659453567115,"hsa-let-7g-5p","miRNA"
"hsa-miR-337-3p",3.25526890484594,4.38709355035705,9.65873155675228,6.21615192268284e-20,2.76957263881909e-19,34.5703818393636,"hsa-miR-337-3p","miRNA"
"hsa-miR-135b-5p",7.04178236904885,5.8737393231283,9.64419236783598,6.97011843616872e-20,3.07505225125091e-19,34.4582718768161,"hsa-miR-135b-5p","miRNA"
"hsa-miR-590-3p",3.694365726737,2.41772968610964,9.62917380854005,7.8442452209126e-20,3.4270974266123e-19,34.3425954293047,"hsa-miR-590-3p","miRNA"
"hsa-miR-199b-5p",4.0246580447291,6.35668715066232,9.56569305363135,1.29093946979846e-19,5.58579578278178e-19,33.8526991767481,"hsa-miR-199b-5p","miRNA"
"hsa-miR-92b-3p",-2.98228650258114,5.74670889255992,-9.30170647235127,1.00304252545785e-18,4.29875368053366e-18,31.7430148676222,"hsa-miR-92b-3p","miRNA"
"hsa-miR-193b-3p",-2.64778156073638,4.78687795157079,-9.16038830166501,2.96263203284074e-18,1.25772114601729e-17,30.6812803957138,"hsa-miR-193b-3p","miRNA"
"hsa-miR-26a-5p",1.99908307659271,10.5982140077282,9.14233396344576,3.39974554538235e-18,1.42979952843183e-17,30.5408906236032,"hsa-miR-26a-5p","miRNA"
"hsa-miR-361-3p",-2.60782740729074,6.29013955526061,-9.11438476616828,4.2055858814864e-18,1.75232745061933e-17,30.3308034952492,"hsa-miR-361-3p","miRNA"
"hsa-miR-433-3p",-3.08946544239891,0.271902627511283,-9.09551639244466,4.8539094159498e-18,2.0039075570435e-17,30.2875222201902,"hsa-miR-433-3p","miRNA"
"hsa-miR-450a-5p",3.60788824410585,2.26559507146266,9.04748748425687,6.98585902406522e-18,2.85785141893577e-17,29.9515975070018,"hsa-miR-450a-5p","miRNA"
"hsa-miR-144-5p",5.28294186719402,5.48669652985536,9.00457826588229,9.66151876887731e-18,3.91683193332864e-17,29.6343804967543,"hsa-miR-144-5p","miRNA"
"hsa-miR-3127-5p",-3.06928159285634,2.51510984418432,-8.94295293598787,1.53657460062489e-17,6.17373723465359e-17,29.0855806596352,"hsa-miR-3127-5p","miRNA"
"hsa-miR-145-5p",-3.46552796236603,10.9676135608608,-8.92873266650058,1.70972963598151e-17,6.80865784240424e-17,28.9411096526791,"hsa-miR-145-5p","miRNA"
"hsa-miR-150-5p",-3.63483023228992,8.39792008284288,-8.86841500768714,2.6859972621324e-17,1.06026207715753e-16,28.4918587211046,"hsa-miR-150-5p","miRNA"
"hsa-miR-193a-5p",-3.1048431390485,6.83750635383594,-8.85213464343691,3.03326351212357e-17,1.18692920039618e-16,28.3782031200993,"hsa-miR-193a-5p","miRNA"
"hsa-miR-28-5p",1.61041085136124,6.696885760238,8.82165776672076,3.80708757038182e-17,1.47688741954467e-16,28.2037721908327,"hsa-miR-28-5p","miRNA"
"hsa-miR-136-3p",3.49371898624687,2.68066410971651,8.81100087158767,4.12142814441924e-17,1.58516467093048e-16,28.2168672315474,"hsa-miR-136-3p","miRNA"
"hsa-miR-20a-3p",4.87601482646528,4.1742460601013,8.80566044416591,4.28848412842564e-17,1.6354388625352e-16,28.1778545980503,"hsa-miR-20a-3p","miRNA"
"hsa-miR-22-3p",1.93238667341231,15.3514671306994,8.75427906333405,6.28033654407978e-17,2.37491718053437e-16,27.6600373698547,"hsa-miR-22-3p","miRNA"
"hsa-miR-26a-2-3p",3.29105978616912,2.0305560702343,8.72147901567809,8.00604885201893e-17,3.0022683195071e-16,27.5682705402163,"hsa-miR-26a-2-3p","miRNA"
"hsa-miR-222-5p",4.22662583697137,3.28137071803267,8.71926664834788,8.13805491308271e-17,3.02654934784068e-16,27.5520691911024,"hsa-miR-222-5p","miRNA"
"hsa-miR-16-1-3p",3.05369583823467,1.97360163387434,8.69134383391725,1.00013987639348e-16,3.68904052768088e-16,27.3509101458336,"hsa-miR-16-1-3p","miRNA"
"hsa-miR-342-5p",-2.87981580695554,1.47400792815554,-8.67624724756093,1.11787466462478e-16,4.08978535838333e-16,27.1791885727727,"hsa-miR-342-5p","miRNA"
"hsa-miR-136-5p",4.86743758406615,4.22955533439661,8.66956499239229,1.17427321057111e-16,4.26147536094355e-16,27.1937533625998,"hsa-miR-136-5p","miRNA"
"hsa-miR-181b-3p",4.37725494581507,3.51093190008254,8.63879231963122,1.47254931430972e-16,5.30117753151497e-16,26.9727557058184,"hsa-miR-181b-3p","miRNA"
"hsa-miR-33a-5p",5.75322150900586,5.19444152569693,8.51121989438451,3.74230620669392e-16,1.33653793096211e-15,26.0617212533583,"hsa-miR-33a-5p","miRNA"
"hsa-miR-301a-3p",3.77730317960791,2.71335400481793,8.45518355357531,5.62092137340564e-16,1.99166505356893e-15,25.6648983188283,"hsa-miR-301a-3p","miRNA"
"hsa-miR-452-3p",4.2740546517691,2.98372084058137,8.34511723559456,1.24323615943166e-15,4.37075212300195e-15,24.8899862227626,"hsa-miR-452-3p","miRNA"
"hsa-miR-150-3p",-3.73083937440971,0.571291160231356,-8.32220680357586,1.46532043299809e-15,5.11158290580729e-15,24.6601025547088,"hsa-miR-150-3p","miRNA"
"hsa-miR-378a-3p",-2.28169663288001,10.2204828683796,-8.26847061557413,2.15195486707838e-15,7.44907453988669e-15,24.1830068703723,"hsa-miR-378a-3p","miRNA"
"hsa-miR-10a-5p",3.18032541633286,15.8814529007015,8.26525636549654,2.20187811838515e-15,7.56370346010167e-15,24.1616426004014,"hsa-miR-10a-5p","miRNA"
"hsa-miR-15b-5p",-2.30571723550654,7.35771207416157,-8.20452736590915,3.39222066239221e-15,1.15643886217916e-14,23.7437459031139,"hsa-miR-15b-5p","miRNA"
"hsa-miR-7-5p",4.61960310415136,3.28083218498204,8.19139687024962,3.72342175485863e-15,1.25980435314766e-14,23.8195695713736,"hsa-miR-7-5p","miRNA"
"hsa-miR-1249-3p",-2.89000229825113,0.359016321773535,-8.16675484359031,4.43354615914379e-15,1.48887744150351e-14,23.6167867433307,"hsa-miR-1249-3p","miRNA"
"hsa-miR-29b-2-5p",-2.05805271171533,3.62335940252885,-8.1527010989722,4.89684931638051e-15,1.63228310546017e-14,23.420748966489,"hsa-miR-29b-2-5p","miRNA"
"hsa-miR-376c-3p",3.36278585280206,2.00486182135208,8.14386575278605,5.21228578826984e-15,1.72465338582458e-14,23.491826243447,"hsa-miR-376c-3p","miRNA"
"hsa-miR-199a-3p",3.03195370004963,11.0603329329778,8.12850560447654,5.80916213226536e-15,1.90811894855432e-14,23.225641052711,"hsa-miR-199a-3p","miRNA"
"hsa-miR-199b-3p",3.03539394564858,11.0572920363483,8.1270937197113,5.86730238651448e-15,1.91325077821124e-14,23.2158909577692,"hsa-miR-199b-3p","miRNA"
"hsa-miR-130b-3p",2.42401507396525,4.37813927910384,8.12535417769063,5.93972638959705e-15,1.92293300382638e-14,23.3547346817107,"hsa-miR-130b-3p","miRNA"
"hsa-miR-24-1-5p",2.84651813552666,3.58738258115326,8.10214525974988,6.99483514729348e-15,2.24833986877291e-14,23.2044685981949,"hsa-miR-24-1-5p","miRNA"
"hsa-miR-101-5p",3.27006282240721,2.38186852140595,8.0982357357916,7.18994505097901e-15,2.29466331414224e-14,23.1779730826619,"hsa-miR-101-5p","miRNA"
"hsa-miR-1307-3p",-3.00115743568155,9.81118882451467,-8.03709606358572,1.10423894269517e-14,3.49934876206214e-14,22.5779323710005,"hsa-miR-1307-3p","miRNA"
"hsa-miR-203b-3p",5.56642961653174,7.0318805203741,8.01373111662672,1.30022023054028e-14,4.09160212407781e-14,22.5954823793978,"hsa-miR-203b-3p","miRNA"
"hsa-miR-411-5p",3.54301105740156,2.51560416042552,7.98906570813984,1.54442043020819e-14,4.82631384440059e-14,22.4324137956217,"hsa-miR-411-5p","miRNA"
"hsa-miR-29a-5p",3.89721896299541,3.4347098141748,7.96332822880205,1.84753840658606e-14,5.73373988250846e-14,22.25742299751,"hsa-miR-29a-5p","miRNA"
"hsa-miR-30d-3p",2.52231647410713,1.90802864059492,7.93598647366077,2.23399551774693e-14,6.8387617890212e-14,22.0727876859683,"hsa-miR-30d-3p","miRNA"
"hsa-miR-29c-3p",3.05576942392026,9.65000560444981,7.93671913835347,2.22266721345768e-14,6.8387617890212e-14,21.9142503537985,"hsa-miR-29c-3p","miRNA"
"hsa-miR-190a-5p",3.22926399426545,1.93356473423892,7.92832879234255,2.35586252186922e-14,7.16309550568343e-14,22.0209986466815,"hsa-miR-190a-5p","miRNA"
"hsa-let-7e-3p",-2.4098426988772,2.53953580531894,-7.9130113309533,2.61966170172159e-14,7.91172997164238e-14,21.8021499227883,"hsa-let-7e-3p","miRNA"
"hsa-miR-151a-3p",2.0693698961777,11.1279085438032,7.82696444457423,4.74280261138752e-14,1.42284078341626e-13,21.1594457068308,"hsa-miR-151a-3p","miRNA"
"hsa-miR-192-5p",3.03873680978629,15.8630131333724,7.79524425901739,5.89616648555167e-14,1.75713570761474e-13,20.9347521628577,"hsa-miR-192-5p","miRNA"
"hsa-miR-186-5p",1.56086780667743,8.02363777160325,7.78739953578844,6.22168000447445e-14,1.84194473816678e-13,20.9068710467775,"hsa-miR-186-5p","miRNA"
"hsa-let-7f-1-3p",2.4499876735383,1.45786075942257,7.66475673537181,1.43422618208448e-13,4.21831230024846e-13,20.2613427099011,"hsa-let-7f-1-3p","miRNA"
"hsa-miR-183-5p",2.82614831291853,12.7452704055478,7.65582443027038,1.5236167444378e-13,4.45212685062993e-13,20.0063226844786,"hsa-miR-183-5p","miRNA"
"hsa-miR-3917",-3.03946055987529,0.520813683330155,-7.6136818866174,2.02520298941661e-13,5.87962158217725e-13,19.8725770625451,"hsa-miR-3917","miRNA"
"hsa-miR-194-5p",2.34362653197562,14.0032384320335,7.58022191727436,2.53660422372844e-13,7.31712756844744e-13,19.5001303201251,"hsa-miR-194-5p","miRNA"
"hsa-miR-374b-3p",2.54502652593068,1.25827376159043,7.5768548449914,2.59463192200803e-13,7.43684308855806e-13,19.6842173488116,"hsa-miR-374b-3p","miRNA"
"hsa-miR-370-3p",-2.16645868424592,2.27712338765752,-7.53388041337211,3.46079216739112e-13,9.79469481337109e-13,19.2992687420707,"hsa-miR-370-3p","miRNA"
"hsa-miR-146b-5p",2.32876328965204,8.6420263753687,7.53407365822266,3.45632135039673e-13,9.79469481337109e-13,19.2283989370044,"hsa-miR-146b-5p","miRNA"
"hsa-miR-153-5p",5.11710798917721,4.65611398779819,7.51126205103516,4.02544748818633e-13,1.1321571060524e-12,19.2554767581338,"hsa-miR-153-5p","miRNA"
"hsa-miR-22-5p",2.92058992647237,4.24891568590737,7.43862968943801,6.52585704705369e-13,1.8239973112883e-12,18.7825296417687,"hsa-miR-22-5p","miRNA"
"hsa-miR-99b-3p",-2.25201964769283,4.69665049593678,-7.41535324558606,7.6132419539026e-13,2.11478943163961e-12,18.4505078173899,"hsa-miR-99b-3p","miRNA"
"hsa-miR-326",-2.82989758531107,1.68980283013133,-7.39152571591181,8.91107097086163e-13,2.46011161772254e-12,18.37474453173,"hsa-miR-326","miRNA"
"hsa-miR-340-5p",4.02048983404145,3.17431553076774,7.37158478247382,1.01629013833106e-12,2.78860098932303e-12,18.3547257275456,"hsa-miR-340-5p","miRNA"
"hsa-miR-23a-3p",1.33564098198238,11.6625017334653,7.31535347136839,1.4702749876854e-12,4.00984087550565e-12,17.7818548500546,"hsa-miR-23a-3p","miRNA"
"hsa-miR-133a-3p",-4.07664720761277,3.70420739876912,-7.28901083000998,1.74673052114327e-12,4.73511285852091e-12,17.6361375229404,"hsa-miR-133a-3p","miRNA"
"hsa-miR-2110",-2.76036327967002,0.423642402563736,-7.2761825647659,1.89930254963078e-12,5.1020989349268e-12,17.7036759066784,"hsa-miR-2110","miRNA"
"hsa-miR-143-3p",3.29591667170491,16.7099040802354,7.27574083014001,1.90478360237267e-12,5.1020989349268e-12,17.5310467939255,"hsa-miR-143-3p","miRNA"
"hsa-miR-7706",-2.67911231939499,0.758356384361254,-7.25286918751521,2.21089705770743e-12,5.88700399981268e-12,17.5448922427046,"hsa-miR-7706","miRNA"
"hsa-let-7f-5p",3.67156559313625,12.433860099004,7.19881532296215,3.14008516666833e-12,8.31199014706323e-12,17.0545719082794,"hsa-let-7f-5p","miRNA"
"hsa-miR-34a-5p",2.18397536103081,6.62494139834466,7.19260507598648,3.26884444624582e-12,8.6022222269627e-12,17.1006039750641,"hsa-miR-34a-5p","miRNA"
"hsa-miR-874-3p",-2.48369469076677,3.97668485637064,-7.12106634756559,5.18377183229232e-12,1.35621937472764e-11,16.5791008783665,"hsa-miR-874-3p","miRNA"
"hsa-miR-195-5p",3.24963387478435,4.48658499794579,7.09125318348613,6.27574418197013e-12,1.63241900687084e-11,16.5817862321445,"hsa-miR-195-5p","miRNA"
"hsa-miR-10b-5p",2.26040049087116,14.9713933276105,7.04914787332092,8.21253181872111e-12,2.1239306427727e-11,16.0995722269854,"hsa-miR-10b-5p","miRNA"
"hsa-miR-217",4.36349862603247,4.649595968106,6.93974267415935,1.64282464030812e-11,4.22440621793518e-11,15.6497656715621,"hsa-miR-217","miRNA"
"hsa-miR-193a-3p",2.91555201780059,2.58026055753559,6.9160613560298,1.90681562821015e-11,4.87538086758276e-11,15.5058856844839,"hsa-miR-193a-3p","miRNA"
"hsa-miR-296-5p",-3.30093598669537,1.14328869995697,-6.91137245487254,1.96382712090963e-11,4.99278081587194e-11,15.3617300744559,"hsa-miR-296-5p","miRNA"
"hsa-miR-652-3p",-1.65039796198314,4.71032545068453,-6.86903829618692,2.56051477675437e-11,6.47321151426666e-11,15.0196476309272,"hsa-miR-652-3p","miRNA"
"hsa-miR-1468-5p",-2.28863151631285,2.04376477846563,-6.77976329318844,4.46250170353716e-11,1.12185797016297e-10,14.5629288718556,"hsa-miR-1468-5p","miRNA"
"hsa-miR-125b-5p",-2.66850675683691,7.58195756286751,-6.76369390901487,4.92892323898524e-11,1.23223080974631e-10,14.349784810697,"hsa-miR-125b-5p","miRNA"
"hsa-miR-628-5p",4.6954898793482,3.52235285984192,6.75379220733657,5.2398237382499e-11,1.30271860895716e-10,14.5245668497688,"hsa-miR-628-5p","miRNA"
"hsa-miR-215-5p",4.648560456878,8.95179932647299,6.7331048534029,5.95282358960625e-11,1.47185198644111e-10,14.2753203607012,"hsa-miR-215-5p","miRNA"
"hsa-miR-17-3p",2.33537058238912,8.39650070712597,6.69860643092838,7.35926620586506e-11,1.80965562439305e-10,13.993233282773,"hsa-miR-17-3p","miRNA"
"hsa-miR-27b-5p",1.88942096145224,3.84843688984998,6.69241336232475,7.64420606905331e-11,1.86950691906195e-10,14.1416898680357,"hsa-miR-27b-5p","miRNA"
"hsa-miR-218-5p",3.54951837059511,3.68055487364032,6.68932579909314,7.79028105384785e-11,1.89493322931434e-10,14.1399283966306,"hsa-miR-218-5p","miRNA"
"hsa-miR-6892-5p",-2.41177698491562,0.80436536723436,-6.67180110027145,8.67279322686474e-11,2.09825642585437e-10,13.9823850071416,"hsa-miR-6892-5p","miRNA"
"hsa-miR-629-3p",-2.66432977146483,2.68408258204939,-6.66914011262109,8.8151083850654e-11,2.12128276645959e-10,13.8538335804763,"hsa-miR-629-3p","miRNA"
"hsa-miR-375",-3.22571304314914,14.178981035242,-6.66022618980648,9.30874516395564e-11,2.22815708711704e-10,13.7377738066198,"hsa-miR-375","miRNA"
"hsa-miR-30c-2-3p",-2.63003962203717,2.76141515761746,-6.64773680728271,1.00462977969117e-10,2.39197566593136e-10,13.7152560352289,"hsa-miR-30c-2-3p","miRNA"
"hsa-miR-188-5p",3.02649076024055,2.13345637624995,6.63983562450828,1.05422018707319e-10,2.49683728517335e-10,13.8474973738199,"hsa-miR-188-5p","miRNA"
"hsa-miR-140-3p",-1.81225678831182,9.12461562017935,-6.61987163108467,1.19047294602011e-10,2.80477919219397e-10,13.4843539485055,"hsa-miR-140-3p","miRNA"
"hsa-miR-3605-3p",-2.73720801867843,1.16292615437382,-6.57334313350825,1.57863273053876e-10,3.69992046220023e-10,13.3661190866336,"hsa-miR-3605-3p","miRNA"
"hsa-miR-3150b-3p",-3.41328723688141,1.07489871957179,-6.50685185962496,2.35660179041809e-10,5.49466738698518e-10,12.9391663736002,"hsa-miR-3150b-3p","miRNA"
"hsa-miR-577",6.07461928436765,5.54008961604534,6.47170443630733,2.90884687944997e-10,6.74732523583757e-10,12.8629115393529,"hsa-miR-577","miRNA"
"hsa-let-7i-3p",-1.88893313312441,5.65535186362189,-6.41787733730567,4.00881577948481e-10,9.25111333727263e-10,12.3283911657694,"hsa-let-7i-3p","miRNA"
"hsa-miR-1307-5p",4.21794403766798,8.31797496112,6.20514016177233,1.39564198854307e-09,3.20428007573664e-09,11.2210598193454,"hsa-miR-1307-5p","miRNA"
"hsa-miR-6842-3p",-2.34444597980893,1.23535228259736,-6.19782952347004,1.45593019088781e-09,3.32572886243409e-09,11.2254014956103,"hsa-miR-6842-3p","miRNA"
"hsa-miR-592",5.64689079753735,4.29796945314401,6.14481045089197,1.97623125442169e-09,4.4914346691402e-09,11.0097924555518,"hsa-miR-592","miRNA"
"hsa-miR-3928-3p",-2.63139496971478,0.375290978700464,-6.14152276135047,2.01389634907922e-09,4.55403697027965e-09,10.9441229392091,"hsa-miR-3928-3p","miRNA"
"hsa-miR-3074-5p",-2.07485792599248,2.55273820901311,-6.13165650909949,2.13119229036394e-09,4.79518265331886e-09,10.790775346273,"hsa-miR-3074-5p","miRNA"
"hsa-miR-23a-5p",-2.57540354316498,1.62348184087896,-6.06777902510677,3.06939666052702e-09,6.87178356834408e-09,10.4614248024261,"hsa-miR-23a-5p","miRNA"
"hsa-miR-10a-3p",3.11262032482275,2.77578923681295,6.0563511636197,3.27536934739965e-09,7.29661488282101e-09,10.5225654674935,"hsa-miR-10a-3p","miRNA"
"hsa-miR-339-5p",-2.07462939393425,4.71581736402206,-6.00326791232558,4.42323929553503e-09,9.80521026103825e-09,9.99732432815337,"hsa-miR-339-5p","miRNA"
"hsa-miR-432-5p",-2.11091647583084,2.21653921324245,-6.00107966616873,4.47816338535273e-09,9.87830158533689e-09,10.079189704806,"hsa-miR-432-5p","miRNA"
"hsa-miR-196a-5p",3.0288112906001,7.78094610024177,5.90887649750042,7.50815818186326e-09,1.64715530654788e-08,9.54930971583409,"hsa-miR-196a-5p","miRNA"
"hsa-miR-505-3p",-1.19992070670044,5.45531686413144,-5.90810936826972,7.54031095886361e-09,1.64715530654788e-08,9.48056079727093,"hsa-miR-505-3p","miRNA"
"hsa-miR-431-3p",-1.7647109093738,2.70350353482897,-5.90222577798665,7.79141919245901e-09,1.69378678096935e-08,9.53526078805061,"hsa-miR-431-3p","miRNA"
"hsa-miR-671-5p",2.10047367629967,1.60004610042969,5.89633299828715,8.05109479268016e-09,1.74182339264715e-08,9.65562964660271,"hsa-miR-671-5p","miRNA"
"hsa-miR-552-5p",5.22761216701357,6.43826056838011,5.88048048961759,8.79230798787637e-09,1.89308066724611e-08,9.56512635397089,"hsa-miR-552-5p","miRNA"
"hsa-miR-362-3p",2.31976734372628,1.03968838630607,5.85915250791285,9.89541202952849e-09,2.12044543489896e-08,9.45715588864676,"hsa-miR-362-3p","miRNA"
"hsa-miR-331-3p",-1.68921367048363,4.15234693522699,-5.84672813057282,1.0599087491717e-08,2.26046889633775e-08,9.17260031981957,"hsa-miR-331-3p","miRNA"
"hsa-miR-598-3p",3.17658164649902,3.33461515127483,5.82447949044345,1.19831031764869e-08,2.5435832214241e-08,9.27100681118724,"hsa-miR-598-3p","miRNA"
"hsa-miR-132-3p",-1.75034796091821,6.14049381386859,-5.78929471462016,1.4538973312345e-08,3.07161408007288e-08,8.83773842790273,"hsa-miR-132-3p","miRNA"
"hsa-miR-219a-1-3p",-2.05168255266194,1.29172783267993,-5.73066519482295,2.00240834250502e-08,4.21067174825823e-08,8.70396889198241,"hsa-miR-219a-1-3p","miRNA"
"hsa-miR-223-3p",2.54073547270704,7.87943446035784,5.69293723444536,2.45707394970048e-08,5.14271291797774e-08,8.37221117459514,"hsa-miR-223-3p","miRNA"
"hsa-miR-421",2.54149076108788,1.51346909164383,5.65961561466108,2.94115314329648e-08,6.12740238186768e-08,8.40766200282158,"hsa-miR-421","miRNA"
"hsa-miR-92a-3p",-1.83368500723183,14.1023361007762,-5.65718550384611,2.97988226186924e-08,6.17947934489013e-08,8.12507332957682,"hsa-miR-92a-3p","miRNA"
"hsa-miR-1-3p",4.46518036368709,4.61042957540749,5.60168687551111,4.01257928527024e-08,8.28284714849361e-08,8.10688319293935,"hsa-miR-1-3p","miRNA"
"hsa-miR-505-5p",-1.500525614081,2.69730066859553,-5.59617840868203,4.13232418308166e-08,8.49107708852396e-08,7.94499094569533,"hsa-miR-505-5p","miRNA"
"hsa-miR-128-1-5p",-1.5378762921626,2.68178497087135,-5.57520040333722,4.62102039200899e-08,9.45208716547294e-08,7.83670800337748,"hsa-miR-128-1-5p","miRNA"
"hsa-miR-651-5p",2.45303491003348,1.47480375064344,5.56106065112432,4.98167695700578e-08,1.01436861115502e-07,7.9008423128445,"hsa-miR-651-5p","miRNA"
"hsa-miR-324-5p",-1.45829476464298,3.90950833658594,-5.48852643949372,7.30734911580969e-08,1.48121941536683e-07,7.3230709783809,"hsa-miR-324-5p","miRNA"
"hsa-miR-451a",2.60660249843874,7.60951703658677,5.4211492712392,1.03931700566374e-07,2.09727646882817e-07,6.99520063796721,"hsa-miR-451a","miRNA"
"hsa-miR-127-3p",-1.70211765755946,8.93731070825454,-5.38373523650421,1.26196365136851e-07,2.53519483533852e-07,6.7204891655982,"hsa-miR-127-3p","miRNA"
"hsa-let-7c-5p",-2.63181839088885,8.37186626234484,-5.3756962272851,1.31552362787254e-07,2.63104725574509e-07,6.67877242829108,"hsa-let-7c-5p","miRNA"
"hsa-miR-25-3p",1.23873186659379,12.8856463334228,5.31474080874845,1.79998957062177e-07,3.5840500299991e-07,6.37595256194198,"hsa-miR-25-3p","miRNA"
"hsa-miR-338-3p",2.61178749686046,8.32770151451873,5.29717477770272,1.96915409366171e-07,3.90360943677432e-07,6.34579020278349,"hsa-miR-338-3p","miRNA"
"hsa-miR-144-3p",3.25912858831883,2.19014373799309,5.29593556645841,1.98165365137431e-07,3.9111585224493e-07,6.57457697561437,"hsa-miR-144-3p","miRNA"
"hsa-miR-493-3p",1.77541855537569,2.33631608724456,5.28353360231718,2.11106483130004e-07,4.14838067286035e-07,6.51383384499051,"hsa-miR-493-3p","miRNA"
"hsa-miR-5000-3p",1.86988040030584,0.808061701150652,5.27754120084564,2.17649575903211e-07,4.25836126767152e-07,6.48579875753765,"hsa-miR-5000-3p","miRNA"
"hsa-miR-423-5p",-1.78474572383935,5.22316888833202,-5.2765166832228,2.18787762492185e-07,4.26209926932827e-07,6.21992411348783,"hsa-miR-423-5p","miRNA"
"hsa-miR-382-3p",1.95461170423839,0.669209863506903,5.20620666635213,3.1234184570089e-07,6.05835476575002e-07,6.13980101876738,"hsa-miR-382-3p","miRNA"
"hsa-miR-3614-5p",-2.40933829009783,1.23852894815649,-5.19336777787662,3.331817775133e-07,6.4348411966088e-07,5.97641967559697,"hsa-miR-3614-5p","miRNA"
"hsa-miR-4662a-5p",2.89176297236628,2.6927681643444,5.18702420497095,3.4396983245678e-07,6.6148044703227e-07,6.04579806402431,"hsa-miR-4662a-5p","miRNA"
"hsa-miR-493-5p",1.75636728970252,2.79633686310641,5.15708819337708,3.99617138910487e-07,7.65224308551996e-07,5.90093045628568,"hsa-miR-493-5p","miRNA"
"hsa-miR-937-3p",-2.30066906049172,1.12577174752803,-5.14495758941784,4.24567363636824e-07,8.09556413714282e-07,5.75852531054107,"hsa-miR-937-3p","miRNA"
"hsa-miR-130a-3p",1.77365991473215,4.95238949783354,5.09790107493695,5.36418102324597e-07,1.01851538416063e-06,5.5430774896438,"hsa-miR-130a-3p","miRNA"
"hsa-miR-95-3p",2.66252569285574,3.61618713310054,5.07031027627267,6.14749013359241e-07,1.16234057147756e-06,5.48901625414966,"hsa-miR-95-3p","miRNA"
"hsa-miR-2355-3p",2.07987660230521,1.65941705081336,5.03668688525804,7.25241225674813e-07,1.36551695210739e-06,5.33309378893756,"hsa-miR-2355-3p","miRNA"
"hsa-miR-200c-3p",-1.64276839517201,13.3778504454281,-5.01086035821159,8.22920312034183e-07,1.54297558506409e-06,4.92104863388258,"hsa-miR-200c-3p","miRNA"
"hsa-miR-654-5p",-1.88582693243312,0.420558426303613,-5.00701215285523,8.385224620047e-07,1.56570584191749e-06,5.16265370756167,"hsa-miR-654-5p","miRNA"
"hsa-miR-503-5p",2.81571976435349,2.51625534488955,4.99923846706622,8.70917076888022e-07,1.61947390330417e-06,5.15741338527717,"hsa-miR-503-5p","miRNA"
"hsa-miR-30e-3p",1.09558195551596,11.8262891136335,4.9890631915253,9.15152097196539e-07,1.69472610591952e-06,4.81063704895724,"hsa-miR-30e-3p","miRNA"
"hsa-miR-191-3p",-2.080074362156,2.34951891759153,-4.98414104323447,9.37321952561526e-07,1.72866753546183e-06,4.93129847206124,"hsa-miR-191-3p","miRNA"
"hsa-miR-125a-3p",-2.10390146492348,1.02096810087337,-4.95224967275346,1.09405893468424e-06,2.00949600248126e-06,4.87035624569524,"hsa-miR-125a-3p","miRNA"
"hsa-miR-29a-3p",1.13989163320131,13.0134134459049,4.9483997513037,1.11461162419867e-06,2.03892370280245e-06,4.62110704355061,"hsa-miR-29a-3p","miRNA"
"hsa-miR-146a-5p",2.03763781226468,7.49755369920406,4.92030640804372,1.27629246327213e-06,2.32522918409903e-06,4.56044204021435,"hsa-miR-146a-5p","miRNA"
"hsa-miR-27a-5p",2.42570364352386,4.52152267075634,4.88978718309093,1.47756766969915e-06,2.68107036840571e-06,4.62170021030248,"hsa-miR-27a-5p","miRNA"
"hsa-miR-3677-3p",2.33616714598246,2.68701945163866,4.88610028289378,1.50386365073317e-06,2.71782587481897e-06,4.63584839866612,"hsa-miR-3677-3p","miRNA"
"hsa-miR-224-5p",2.30143849394928,6.09414016799297,4.84865177483994,1.79786238010823e-06,3.23615228419481e-06,4.34008006137993,"hsa-miR-224-5p","miRNA"
"hsa-miR-153-3p",2.56558773885713,1.26121349111141,4.79750428614327,2.29026213555581e-06,4.08975381349251e-06,4.23617846761435,"hsa-miR-153-3p","miRNA"
"hsa-miR-30a-5p",1.20595590918625,11.8981070523686,4.77627751935667,2.53073913048159e-06,4.50131465895935e-06,3.83465355990284,"hsa-miR-30a-5p","miRNA"
"hsa-miR-655-3p",1.80713066149339,0.709979286088234,4.77025007723763,2.60334450807717e-06,4.61222452218397e-06,4.11456588053202,"hsa-miR-655-3p","miRNA"
"hsa-miR-200b-3p",1.3112158744282,10.8434328454886,4.72079436047003,3.27979018606495e-06,5.78786503423226e-06,3.59958309734981,"hsa-miR-200b-3p","miRNA"
"hsa-miR-33b-5p",2.92851623823396,1.91618132420626,4.69898259279365,3.62924711347994e-06,6.37953594166395e-06,3.79736630010944,"hsa-miR-33b-5p","miRNA"
"hsa-miR-3653-3p",-1.91373625092145,2.20996391406116,-4.69587437635404,3.68187337538371e-06,6.44685999580805e-06,3.64617757624695,"hsa-miR-3653-3p","miRNA"
"hsa-miR-653-5p",3.19829763217504,1.95117019650856,4.68828547006669,3.81346730947371e-06,6.65139647001228e-06,3.75023622289198,"hsa-miR-653-5p","miRNA"
"hsa-miR-330-3p",-1.71318520194922,1.38093996936649,-4.65239838232366,4.4995335251797e-06,7.81772234104581e-06,3.52049950916549,"hsa-miR-330-3p","miRNA"
"hsa-miR-342-3p",-1.49930041614966,5.88896336601927,-4.63391310264352,4.89778034325937e-06,8.47692751717967e-06,3.23365844274973,"hsa-miR-342-3p","miRNA"
"hsa-miR-33a-3p",1.78708796924357,0.824482286967984,4.56992298471952,6.55496482653285e-06,1.13016634940222e-05,3.23658929425788,"hsa-miR-33a-3p","miRNA"
"hsa-miR-377-5p",-1.7910341479466,0.512285836674637,-4.52306883540453,8.09711952713371e-06,1.39072663633976e-05,3.0017799533366,"hsa-miR-377-5p","miRNA"
"hsa-miR-148b-5p",1.69171220552052,1.34321465780085,4.49595418440879,9.14276812994353e-06,1.56435196139718e-05,2.9205565726685,"hsa-miR-148b-5p","miRNA"
"hsa-miR-409-3p",-1.06144994800679,4.2865746797251,-4.4863973751369,9.54128441697475e-06,1.62635529834797e-05,2.64503099255344,"hsa-miR-409-3p","miRNA"
"hsa-miR-4668-3p",2.18367754834198,0.953980030668422,4.46096154434263,1.06847661965103e-05,1.81439425978477e-05,2.77317173467093,"hsa-miR-4668-3p","miRNA"
"hsa-miR-200b-5p",-1.23566364797025,6.2759394577254,-4.45240899483541,1.10979403582608e-05,1.87747111323961e-05,2.45260879834955,"hsa-miR-200b-5p","miRNA"
"hsa-miR-107",1.23772503699342,5.78651324314185,4.44872195440792,1.12807463080018e-05,1.90124937775311e-05,2.53026598892576,"hsa-miR-107","miRNA"
"hsa-miR-323a-3p",-1.58867737893444,1.68095433143635,-4.44770887121718,1.13314788583804e-05,1.90267368890716e-05,2.63364479496039,"hsa-miR-323a-3p","miRNA"
"hsa-miR-196b-5p",2.37728305163341,11.2705671112499,4.42748390218491,1.2391242899624e-05,2.0728844999371e-05,2.33756462406632,"hsa-miR-196b-5p","miRNA"
"hsa-miR-552-3p",3.89349128922914,5.30583046549277,4.42361018151085,1.26047754543301e-05,2.10079590905502e-05,2.60473746409341,"hsa-miR-552-3p","miRNA"
"hsa-miR-1266-5p",-1.91610835830436,3.49836467035174,-4.40960479495446,1.34065907047258e-05,2.22618664838621e-05,2.31848514164241,"hsa-miR-1266-5p","miRNA"
"hsa-miR-501-3p",-1.56120910082295,5.501629869238,-4.40690193672987,1.35668533487751e-05,2.24451617902529e-05,2.26306074639082,"hsa-miR-501-3p","miRNA"
"hsa-miR-106b-3p",-1.2181997860821,8.03159883783529,-4.35092682267264,1.73289181038242e-05,2.85641507205894e-05,2.01563049680513,"hsa-miR-106b-3p","miRNA"
"hsa-miR-4746-5p",-1.87026593159028,1.41203589750209,-4.29648493861946,2.19320317017837e-05,3.60197600941703e-05,2.00743279266952,"hsa-miR-4746-5p","miRNA"
"hsa-miR-185-3p",-1.51559645056433,1.80717499808268,-4.27654918759942,2.38933394678121e-05,3.90981918564199e-05,1.92132337901336,"hsa-miR-185-3p","miRNA"
"hsa-miR-214-3p",-1.88262008458767,2.22221916439751,-4.25906613959077,2.57502295817532e-05,4.19840699702498e-05,1.78289238952088,"hsa-miR-214-3p","miRNA"
"hsa-miR-576-5p",1.61053053094297,3.31948091371874,4.24697997848959,2.71136153264734e-05,4.40473895195416e-05,1.87540553575421,"hsa-miR-576-5p","miRNA"
"hsa-miR-369-5p",2.05488732653204,1.86288195377748,4.23777492816244,2.81979369673072e-05,4.56441425729792e-05,1.85491799549495,"hsa-miR-369-5p","miRNA"
"hsa-miR-491-5p",-1.5167599839054,0.481359468366439,-4.22216747289915,3.01316232514886e-05,4.85993923411107e-05,1.77005169724587,"hsa-miR-491-5p","miRNA"
"hsa-miR-584-5p",1.85227322697177,7.88986586186793,4.19810903207773,3.33620995236973e-05,5.36176599487992e-05,1.42345616927267,"hsa-miR-584-5p","miRNA"
"hsa-miR-148a-5p",1.36293624980847,5.98407474959387,4.18144221873935,3.57909135978538e-05,5.73164096762783e-05,1.43058127643108,"hsa-miR-148a-5p","miRNA"
"hsa-miR-627-5p",1.75828171232794,0.900263529927327,4.1290987152422,4.45626191566785e-05,7.11105624840614e-05,1.42460645128214,"hsa-miR-627-5p","miRNA"
"hsa-miR-3913-5p",1.44111551472679,0.713929777020469,4.10179992634849,4.99145474707776e-05,7.93694217733213e-05,1.3180433528189,"hsa-miR-3913-5p","miRNA"
"hsa-miR-425-3p",-1.02457868368929,3.2963256341231,-4.08567778685103,5.33568940710031e-05,8.42477274805312e-05,1.0837315878659,"hsa-miR-425-3p","miRNA"
"hsa-miR-4444",1.78061889529278,0.539186239673084,4.07692451158988,5.53192664141902e-05,8.7040803798551e-05,1.22148743095715,"hsa-miR-4444","miRNA"
"hsa-miR-664b-3p",-1.40049163113099,1.10736299659061,-4.07344421641222,5.61184153609248e-05,8.79905467331574e-05,1.16148301270647,"hsa-miR-664b-3p","miRNA"
"hsa-miR-125b-2-3p",-2.17274445118464,1.51551972044381,-4.02584602713157,6.82112127534906e-05,0.000106580019927329,0.900760516400418,"hsa-miR-125b-2-3p","miRNA"
"hsa-miR-496",1.63487405420877,0.571547650217434,4.01582176213488,7.10558214456985e-05,0.000110640552424098,0.986318113428209,"hsa-miR-496","miRNA"
"hsa-miR-154-3p",1.66215922615128,0.400739010325418,4.00731466849738,7.35579169332275e-05,0.000114141595241215,0.953942817766689,"hsa-miR-154-3p","miRNA"
"hsa-miR-340-3p",1.36753840127797,2.31707027188328,3.96290388667054,8.80368830070516e-05,0.000136139509804719,0.783316315315755,"hsa-miR-340-3p","miRNA"
"hsa-miR-106a-5p",3.13757812119346,4.59549138523666,3.9617312842946,8.84535672222921e-05,0.000136315428938464,0.770495316844515,"hsa-miR-106a-5p","miRNA"
"hsa-miR-494-3p",1.53549670785499,0.457747009100507,3.93882013852947,9.69801664803333e-05,0.000148945648177986,0.694709519835609,"hsa-miR-494-3p","miRNA"
"hsa-miR-3677-5p",1.70078639596972,0.740796785851119,3.92790026697049,0.000101312953021166,0.000155070846460968,0.653577883355139,"hsa-miR-3677-5p","miRNA"
"hsa-miR-10b-3p",1.89037555665481,3.26047313714125,3.86929417478556,0.000127878551252288,0.000195068976486541,0.424870395650303,"hsa-miR-10b-3p","miRNA"
"hsa-miR-409-5p",1.59416796659952,3.17362840524009,3.8634299994931,0.00013087243372027,0.000198961470182843,0.39842949445517,"hsa-miR-409-5p","miRNA"
"hsa-miR-5586-5p",1.53078203828792,0.266922558150324,3.80851184963814,0.000162315991406392,0.000245933320312714,0.213107093376355,"hsa-miR-5586-5p","miRNA"
"hsa-miR-145-3p",1.43890153260058,5.46876391669987,3.73734734079598,0.000213745240418946,0.000322769658350757,-0.20651690629997,"hsa-miR-145-3p","miRNA"
"hsa-let-7a-5p",-1.08996874945574,14.0893892781943,-3.67870220125821,0.00026730471874649,0.000402298071692042,-0.577093180647679,"hsa-let-7a-5p","miRNA"
"hsa-miR-1301-3p",-1.2055397423911,2.26209393360898,-3.6757305609935,0.000270329670329487,0.000405494505494231,-0.372961926065198,"hsa-miR-1301-3p","miRNA"
"hsa-miR-30b-3p",-1.26082304309812,1.19646953675283,-3.66707785249539,0.00027932207774226,0.000417591146126302,-0.339538209011622,"hsa-miR-30b-3p","miRNA"
"hsa-miR-130b-5p",-1.21543079180525,4.07825213417453,-3.65633180577455,0.000290881875461841,0.000433433258138505,-0.574388118524467,"hsa-miR-130b-5p","miRNA"
"hsa-miR-377-3p",1.53942657095298,0.283445333424874,3.65501979725817,0.000292323659106006,0.000434144048177237,-0.335007309100638,"hsa-miR-377-3p","miRNA"
"hsa-miR-501-5p",-1.36303651395773,1.61000701670065,-3.63704033394894,0.000312770884480562,0.000462983217158727,-0.471383724820099,"hsa-miR-501-5p","miRNA"
"hsa-miR-320a",-1.43021623080882,8.43784551332146,-3.62693904431071,0.000324840805959296,0.000479273320267813,-0.758606891092132,"hsa-miR-320a","miRNA"
"hsa-miR-877-5p",-1.62243566953881,0.697087040319917,-3.53627665949411,0.000454547917809002,0.00066627544955717,-0.785062714813855,"hsa-miR-877-5p","miRNA"
"hsa-miR-29b-1-5p",1.75212271450335,3.26237135133282,3.52358521242808,0.000476170906112637,0.000695704245943787,-0.798825296519539,"hsa-miR-29b-1-5p","miRNA"
"hsa-miR-301a-5p",2.46095552167778,1.78140659056338,3.51253312476145,0.000495781704892375,0.000722012191590837,-0.82626546119806,"hsa-miR-301a-5p","miRNA"
"hsa-miR-758-5p",1.61145228538181,2.69989495229586,3.50741967631567,0.000505108530073951,0.000733222059784768,-0.846970413896704,"hsa-miR-758-5p","miRNA"
"hsa-let-7c-3p",2.27520867186681,1.74199597285535,3.47346048453474,0.000571339523955685,0.000826697060386039,-0.957386494661843,"hsa-let-7c-3p","miRNA"
"hsa-miR-181d-5p",1.93623245325074,3.88447696047502,3.47237748527491,0.000573579649436818,0.000827278340533871,-0.992811564677687,"hsa-miR-181d-5p","miRNA"
"hsa-miR-654-3p",1.30742426829684,4.3085059020561,3.45239794762367,0.000616407886015799,0.000886209420789487,-1.11010120964441,"hsa-miR-654-3p","miRNA"
"hsa-miR-1271-5p",-1.52177639393317,1.00028768026234,-3.43304551039551,0.00066072406926306,0.000945493866596735,-1.1388219284959,"hsa-miR-1271-5p","miRNA"
"hsa-miR-1247-5p",-2.32388390646997,4.59475386700512,-3.43257160329532,0.000661845706617715,0.000945493866596735,-1.39575508801088,"hsa-miR-1247-5p","miRNA"
"hsa-miR-133b",-2.37616024508139,1.08475151441163,-3.41426130425145,0.000706568168373206,0.00100618884736691,-1.25995862373095,"hsa-miR-133b","miRNA"
"hsa-miR-1277-3p",1.56740937996847,0.312489602186571,3.40376750548271,0.000733453898112608,0.00104118061246269,-1.18667713488359,"hsa-miR-1277-3p","miRNA"
"hsa-miR-181b-2-3p",2.01044338757659,0.793667318020626,3.37000696333922,0.000826560508470967,0.00116966109689288,-1.29710359174299,"hsa-miR-181b-2-3p","miRNA"
"hsa-miR-381-3p",1.00353382783651,5.11663392782659,3.29569219939796,0.00107159864481186,0.00150693559426667,-1.70996751901095,"hsa-miR-381-3p","miRNA"
"hsa-miR-34c-5p",1.53294744556631,0.641794308326761,3.28974787881833,0.00109386275428071,0.00153345245927202,-1.55454753671843,"hsa-miR-34c-5p","miRNA"
"hsa-miR-200c-5p",1.28376799481217,5.85644566652294,3.19906384628678,0.00149133695052331,0.00207771401775693,-2.04952974308956,"hsa-miR-200c-5p","miRNA"
"hsa-miR-301b-3p",1.50115924312415,0.237936443042768,3.18550592440373,0.00156112735940764,0.00216156095917982,-1.88004406106228,"hsa-miR-301b-3p","miRNA"
"hsa-miR-3651",-1.70560864000713,0.754432659269702,-3.18349589799301,0.00157172740229275,0.00216956236512803,-1.93295278841693,"hsa-miR-3651","miRNA"
"hsa-miR-181b-5p",-1.0260884570877,7.2679248525198,-3.18144128696793,0.00158263128700589,0.00217793296376958,-2.2087225485805,"hsa-miR-181b-5p","miRNA"
"hsa-miR-4326",-2.02125892818075,1.97332914481563,-3.17027533459747,0.00164312157420764,0.00225428264754097,-2.0838635421656,"hsa-miR-4326","miRNA"
"hsa-miR-135b-3p",1.63263844626126,0.378457533687773,3.08709278694288,0.00216551552506099,0.00293518670565496,-2.17853352808448,"hsa-miR-135b-3p","miRNA"
"hsa-miR-26a-1-3p",2.48089570662166,1.57673040265677,2.99819087416418,0.00288962503325903,0.00388158586557184,-2.44150114174032,"hsa-miR-26a-1-3p","miRNA"
"hsa-miR-203a-5p",1.54944196396192,0.305645172845892,2.98460752595744,0.00301802668191597,0.00404200002042318,-2.47975661192177,"hsa-miR-203a-5p","miRNA"
"hsa-miR-338-5p",-1.3294915817623,2.16304067517036,-2.97171363370287,0.00314472360625435,0.00418676219767591,-2.630368674362,"hsa-miR-338-5p","miRNA"
"hsa-miR-155-5p",1.10795851533671,8.06424622983573,2.97199828138864,0.00314187486839838,0.00418676219767591,-2.82977406138181,"hsa-miR-155-5p","miRNA"
"hsa-miR-3653-5p",-1.82398327333325,0.655738163585069,-2.88602006634782,0.00411810776287044,0.00543445305950645,-2.80639894878119,"hsa-miR-3653-5p","miRNA"
"hsa-miR-744-3p",1.54279654240353,3.9565770053365,2.87456148393177,0.00426726547098028,0.00561482298813195,-2.83975769662217,"hsa-miR-744-3p","miRNA"
"hsa-let-7g-3p",1.36665098539148,4.88327527163747,2.78499379799495,0.00561356710383452,0.0073220440484798,-3.15953099186839,"hsa-let-7g-3p","miRNA"
"hsa-miR-18a-3p",-1.11926866927543,1.35633708873835,-2.77189365312532,0.00583989644486682,0.00759524104101176,-3.12259951474041,"hsa-miR-18a-3p","miRNA"
"hsa-miR-589-3p",-1.22447369186576,1.14967735664185,-2.76231515943864,0.006010574581269,0.00779469326101167,-3.14305123150593,"hsa-miR-589-3p","miRNA"
"hsa-miR-223-5p",1.29159982644376,1.74053892711788,2.70781032514796,0.00707054583345067,0.00909070178586514,-3.24603196358481,"hsa-miR-223-5p","miRNA"
"hsa-miR-500b-3p",-1.14096274513401,0.532694287459229,-2.69647751503214,0.00731104568422095,0.00937313549259097,-3.28987432550244,"hsa-miR-500b-3p","miRNA"
"hsa-miR-147b",1.6457642948007,1.19769543419639,2.69473457513946,0.00734868032084242,0.00939461972834969,-3.27982292925925,"hsa-miR-147b","miRNA"
"hsa-miR-514a-3p",1.97190474845175,0.694588169685182,2.68726264631454,0.00751200369598784,0.0095762086776049,-3.29895160192216,"hsa-miR-514a-3p","miRNA"
"hsa-miR-204-5p",-1.91669825409942,0.845450110355459,-2.68066218727236,0.00765898843128018,0.00973600224315276,-3.38239044259194,"hsa-miR-204-5p","miRNA"
"hsa-miR-363-3p",-1.50992435741762,1.210512774938,-2.63007454474169,0.00887420027005664,0.0112489862578183,-3.51053581820413,"hsa-miR-363-3p","miRNA"
"hsa-miR-431-5p",1.10113062668469,1.13104751714631,2.60756170211924,0.00946856151896984,0.0119686873133046,-3.50477894982302,"hsa-miR-431-5p","miRNA"
"hsa-miR-455-3p",-1.09551224594979,7.45659695797449,-2.60183232651637,0.00962540300130445,0.012132860926014,-3.84603291272392,"hsa-miR-455-3p","miRNA"
"hsa-miR-412-5p",1.64845228075576,1.9320330147652,2.59785417542091,0.00973566832574326,0.0122375719178337,-3.53029035449481,"hsa-miR-412-5p","miRNA"
"hsa-miR-508-3p",2.06806024201116,2.46535301008259,2.56900087287648,0.0105698208042552,0.0132490790025483,-3.6035602961291,"hsa-miR-508-3p","miRNA"
"hsa-let-7a-2-3p",-1.28290549131029,1.47126949307933,-2.51133247423909,0.0124305412405145,0.0154951345103366,-3.80875990348641,"hsa-let-7a-2-3p","miRNA"
"hsa-miR-224-3p",1.03582765569089,0.963550732668223,2.49144349955326,0.0131367818327826,0.0163302536595364,-3.7932705722083,"hsa-miR-224-3p","miRNA"
"hsa-miR-221-5p",1.39625659182469,2.31081760539649,2.3576132905547,0.0188854222292952,0.0232833972689941,-4.11204188280609,"hsa-miR-221-5p","miRNA"
"hsa-miR-3200-3p",-1.09034653276848,1.70289819113318,-2.31372187695748,0.0212015771148562,0.0260675128461347,-4.27973982976263,"hsa-miR-3200-3p","miRNA"
"hsa-miR-31-3p",1.87298245810723,0.826267420495315,2.3087797573075,0.0214773268729819,0.0263345969832203,-4.22142797292393,"hsa-miR-31-3p","miRNA"
"hsa-miR-935",-1.58603599367364,1.78794474203444,-2.20519992052441,0.0280223013777559,0.033837910159988,-4.55989765993913,"hsa-miR-935","miRNA"
"hsa-miR-3130-5p",-1.35664788445715,2.30745939608945,-2.18320838665439,0.0296153167764516,0.0356334025385113,-4.62847439519244,"hsa-miR-3130-5p","miRNA"
